dataset,q,rep,global_success,pacs_success,delta_success,global_mean_size,pacs_mean_size,delta_mean_size,global_p90_size,pacs_p90_size,delta_p90_size
Dermatology,0.9,0,0.8829059829059829,0.8944444444444445,0.011538461538461608,48.00726495726496,54.593589743589746,6.586324786324788,89.65,84.20000000000002,-5.449999999999989
Dermatology,0.9,1,0.9175213675213675,0.9158119658119658,-0.0017094017094017033,54.93034188034188,56.18547008547009,1.2551282051282087,101.25,83.65,-17.599999999999994
Dermatology,0.9,2,0.9025641025641027,0.8995726495726495,-0.002991452991453203,52.39700854700855,53.1474358974359,0.7504273504273513,97.35000000000002,82.4,-14.950000000000017
Dermatology,0.9,3,0.8897435897435898,0.8905982905982905,0.0008547008547007406,51.4482905982906,54.52051282051282,3.072222222222223,94.55000000000001,89.75,-4.800000000000011
Dermatology,0.9,4,0.9141025641025642,0.9149572649572649,0.0008547008547007406,53.9,55.89572649572649,1.995726495726494,101.10000000000002,91.95000000000002,-9.150000000000006
Dermatology,0.9,5,0.9098290598290598,0.9076923076923078,-0.002136752136752018,56.300427350427356,54.81410256410257,-1.4863247863247864,102.4,79.15,-23.25
Dermatology,0.9,6,0.9145299145299146,0.9102564102564102,-0.004273504273504369,58.77863247863248,58.08418803418803,-0.69444444444445,107.75000000000003,91.0,-16.75000000000003
Dermatology,0.9,7,0.9158119658119658,0.9128205128205128,-0.002991452991452981,55.19059829059829,54.37948717948718,-0.81111111111111,101.20000000000002,82.75,-18.450000000000017
Dermatology,0.9,8,0.885042735042735,0.885042735042735,0.0,49.61495726495727,54.71495726495726,5.099999999999994,89.05000000000001,86.9,-2.1500000000000057
Dermatology,0.9,9,0.9136752136752135,0.8987179487179487,-0.014957264957264793,54.03119658119658,52.208547008547015,-1.822649572649567,102.10000000000002,86.4,-15.700000000000017
Dermatology,0.9,10,0.9145299145299146,0.9136752136752138,-0.0008547008547008517,56.6448717948718,55.89059829059829,-0.754273504273506,105.95000000000002,85.5,-20.450000000000017
Dermatology,0.9,11,0.897008547008547,0.9042735042735042,0.007264957264957128,51.26581196581197,51.25555555555556,-0.01025641025641022,93.45000000000002,77.15,-16.30000000000001
Dermatology,0.8,0,0.9021367521367522,0.9136752136752135,0.011538461538461386,25.48846153846154,29.851709401709403,4.363247863247864,45.55000000000001,47.900000000000006,2.3499999999999943
Dermatology,0.8,1,0.8987179487179486,0.8974358974358974,-0.0012820512820512775,27.704700854700857,29.320085470085473,1.6153846153846168,49.650000000000006,43.0,-6.650000000000006
Dermatology,0.8,2,0.9085470085470084,0.9141025641025641,0.005555555555555647,27.394871794871793,30.935470085470087,3.540598290598293,48.80000000000001,51.400000000000006,2.5999999999999943
Dermatology,0.8,3,0.9004273504273503,0.9136752136752136,0.013247863247863312,26.246581196581197,30.664529914529915,4.417948717948718,47.5,49.30000000000001,1.8000000000000114
Dermatology,0.8,4,0.9012820512820513,0.9128205128205128,0.011538461538461497,27.213675213675213,31.21153846153846,3.997863247863247,49.150000000000006,51.5,2.3499999999999943
Dermatology,0.8,5,0.9008547008547009,0.902991452991453,0.002136752136752129,26.412393162393162,29.917521367521367,3.505128205128205,47.05000000000001,49.10000000000002,2.0500000000000114
Dermatology,0.7,0,0.879059829059829,0.8978632478632479,0.018803418803418848,15.541452991452992,20.055982905982905,4.514529914529913,27.400000000000006,35.25,7.849999999999994
Dermatology,0.7,1,0.8931623931623932,0.9085470085470084,0.015384615384615219,17.422649572649572,22.05854700854701,4.635897435897437,30.0,36.25,6.25
Dermatology,0.7,2,0.8807692307692307,0.8931623931623931,0.01239316239316235,15.55982905982906,18.887606837606835,3.3277777777777757,26.75,29.5,2.75
Dermatology,0.7,3,0.908974358974359,0.9213675213675214,0.01239316239316246,16.95982905982906,21.78162393162393,4.821794871794868,30.25,37.75,7.5
Dermatology,0.7,4,0.891025641025641,0.9085470085470085,0.01752136752136757,16.18376068376068,20.073504273504273,3.889743589743592,28.5,33.75,5.25
Dermatology,0.7,5,0.8957264957264958,0.9106837606837608,0.014957264957265015,16.905555555555555,21.089316239316236,4.183760683760681,29.75,32.400000000000006,2.6500000000000057
NIH,0.7,0,0.9414225941422594,0.9665271966527196,0.025104602510460206,12.00836820083682,12.635983263598328,0.6276150627615085,14.0,13.0,-1.0
NIH,0.7,1,0.9196428571428572,0.9196428571428572,0.0,13.044642857142858,12.691964285714286,-0.3526785714285712,16.0,13.700000000000015,-2.2999999999999847
NIH,0.7,2,0.9037656903765692,0.9121338912133892,0.008368200836819994,11.539748953974897,11.631799163179917,0.09205020920501994,14.0,12.0,-2.0
NIH,0.7,3,0.921161825726141,0.966804979253112,0.045643153526971014,13.49792531120332,13.394190871369297,-0.10373443983402275,16.0,14.0,-2.0
NIH,0.7,4,0.9123505976095616,0.9641434262948207,0.05179282868525914,12.9800796812749,13.326693227091631,0.34661354581673187,16.0,15.0,-1.0
NIH,0.7,5,0.90990990990991,0.927927927927928,0.018018018018017945,12.31081081081081,12.31081081081081,0.0,16.0,13.0,-3.0
NIH,0.7,6,0.8808664259927798,0.8989169675090253,0.018050541516245522,11.931407942238268,11.83393501805054,-0.0974729241877288,14.0,12.0,-2.0
NIH,0.7,7,0.9137254901960784,0.9176470588235294,0.0039215686274509665,12.909803921568628,12.27843137254902,-0.6313725490196074,16.0,13.0,-3.0
NIH,0.7,8,0.9294605809128632,0.933609958506224,0.004149377593360759,12.257261410788384,12.149377593360995,-0.10788381742738906,16.0,13.0,-3.0
NIH,0.7,9,0.9511111111111112,0.9288888888888888,-0.022222222222222476,12.995555555555557,11.751111111111111,-1.2444444444444454,16.0,12.0,-4.0
NIH,0.7,10,0.8650793650793651,0.8650793650793651,0.0,11.214285714285714,11.103174603174605,-0.11111111111110894,14.0,12.0,-2.0
NIH,0.7,11,0.9465648854961832,0.9580152671755724,0.011450381679389166,13.740458015267176,13.01526717557252,-0.7251908396946565,16.0,14.0,-2.0
NIH,0.7,12,0.8611111111111112,0.9206349206349206,0.05952380952380942,10.88888888888889,11.912698412698411,1.023809523809522,13.0,13.0,0.0
NIH,0.7,13,0.9190283400809716,0.9230769230769232,0.004048582995951677,13.279352226720649,12.740890688259109,-0.5384615384615401,16.0,14.0,-2.0
NIH,0.7,14,0.907563025210084,0.9201680672268908,0.012605042016806789,12.302521008403362,12.205882352941176,-0.09663865546218631,16.0,14.0,-2.0
NIH,0.7,15,0.8847736625514403,0.9629629629629628,0.0781893004115225,13.197530864197532,13.189300411522634,-0.008230452674897748,16.0,14.0,-2.0
NIH,0.7,16,0.8908296943231441,0.9126637554585152,0.02183406113537112,12.034934497816591,12.550218340611352,0.5152838427947604,14.0,13.0,-1.0
NIH,0.7,17,0.9375,0.9375,0.0,13.383928571428571,12.669642857142858,-0.7142857142857135,16.0,13.0,-3.0
NIH,0.7,18,0.9327731092436976,0.9327731092436976,0.0,13.470588235294118,13.134453781512605,-0.3361344537815132,16.0,14.0,-2.0
NIH,0.7,19,0.8790322580645161,0.907258064516129,0.028225806451612878,11.96774193548387,12.415322580645162,0.4475806451612918,14.0,13.0,-1.0
NIH,0.7,20,0.9130434782608696,0.9391304347826088,0.026086956521739202,12.173913043478262,12.621739130434785,0.44782608695652293,16.0,13.0,-3.0
NIH,0.7,21,0.9353448275862069,0.9655172413793104,0.030172413793103536,13.491379310344827,13.133620689655173,-0.3577586206896548,16.0,15.0,-1.0
NIH,0.7,22,0.8697478991596639,0.8991596638655462,0.02941176470588236,10.806722689075633,11.172268907563025,0.3655462184873919,13.0,13.0,0.0
NIH,0.7,23,0.8860759493670886,0.940928270042194,0.05485232067510548,12.468354430379748,13.358649789029537,0.890295358649789,16.0,14.0,-2.0
NIH,0.7,24,0.9407114624505928,0.9723320158102768,0.031620553359684056,13.438735177865611,13.474308300395258,0.035573122529646284,16.0,15.0,-1.0
NIH,0.7,25,0.8934426229508197,0.9139344262295082,0.020491803278688492,10.774590163934429,11.565573770491802,0.7909836065573739,13.0,12.0,-1.0
NIH,0.7,26,0.9404255319148936,0.9617021276595744,0.02127659574468077,13.672340425531916,13.948936170212766,0.2765957446808507,16.0,15.0,-1.0
NIH,0.7,27,0.932806324110672,0.9288537549407114,-0.0039525691699605625,14.296442687747035,13.189723320158103,-1.1067193675889317,16.0,14.0,-2.0
NIH,0.7,28,0.8577777777777778,0.8977777777777778,0.040000000000000036,10.755555555555556,11.991111111111111,1.235555555555555,13.0,13.0,0.0
NIH,0.7,29,0.9357429718875502,0.9718875502008032,0.03614457831325302,13.329317269076306,13.666666666666666,0.3373493975903603,16.0,15.0,-1.0
NIH,0.8,0,0.9163179916317992,0.9163179916317992,0.0,13.912133891213388,13.288702928870292,-0.6234309623430967,16.0,14.0,-2.0
NIH,0.8,1,0.9375,0.9017857142857144,-0.03571428571428559,14.558035714285714,13.857142857142858,-0.7008928571428559,16.0,15.0,-1.0
NIH,0.8,2,0.895397489539749,0.9372384937238494,0.04184100418410042,13.117154811715482,13.456066945606697,0.3389121338912151,16.0,15.0,-1.0
NIH,0.8,3,0.925311203319502,0.979253112033195,0.053941908713692976,14.273858921161828,14.892116182572614,0.6182572614107862,16.0,16.0,0.0
NIH,0.8,4,0.904382470119522,0.9721115537848606,0.06772908366533859,13.912350597609562,14.191235059760956,0.2788844621513942,16.0,15.0,-1.0
NIH,0.8,5,0.954954954954955,0.9504504504504504,-0.0045045045045045695,13.77027027027027,13.58108108108108,-0.18918918918918948,16.0,15.0,-1.0
NIH,0.8,6,0.8844765342960289,0.9061371841155236,0.02166064981949467,13.581227436823104,13.505415162454874,-0.07581227436823035,16.0,15.0,-1.0
NIH,0.8,7,0.8901960784313725,0.9529411764705882,0.06274509803921569,13.937254901960785,14.027450980392157,0.09019607843137223,16.0,15.0,-1.0
NIH,0.8,8,0.933609958506224,0.9626556016597512,0.0290456431535272,13.556016597510371,14.112033195020746,0.556016597510375,16.0,15.0,-1.0
NIH,0.8,9,0.9688888888888888,0.9555555555555556,-0.013333333333333197,14.164444444444444,13.8,-0.3644444444444428,16.0,15.0,-1.0
NIH,0.8,10,0.9047619047619048,0.9007936507936508,-0.003968253968253954,14.166666666666666,13.345238095238097,-0.8214285714285694,16.0,15.0,-1.0
NIH,0.8,11,0.9694656488549618,0.9580152671755724,-0.011450381679389388,14.5,14.045801526717558,-0.45419847328244245,16.0,15.0,-1.0
NIH,0.8,12,0.8849206349206349,0.9642857142857144,0.07936507936507953,13.273809523809524,13.642857142857142,0.3690476190476186,16.0,14.0,-2.0
NIH,0.8,13,0.9149797570850202,0.9392712550607288,0.02429149797570862,14.506072874493928,13.906882591093115,-0.5991902834008123,16.0,15.0,-1.0
NIH,0.8,14,0.9117647058823528,0.9495798319327732,0.03781512605042037,13.445378151260504,13.949579831932772,0.5042016806722671,16.0,15.0,-1.0
NIH,0.8,15,0.8888888888888888,0.97119341563786,0.08230452674897115,14.218106995884774,14.473251028806583,0.25514403292180887,16.0,16.0,0.0
NIH,0.8,16,0.9344978165938864,0.925764192139738,-0.008733624454148381,14.034934497816591,13.7117903930131,-0.3231441048034913,16.0,15.0,-1.0
NIH,0.8,17,0.9151785714285714,0.9598214285714286,0.044642857142857206,13.71875,13.892857142857142,0.17410714285714235,16.0,15.0,-1.0
NIH,0.8,18,0.9159663865546218,0.9663865546218487,0.050420168067226934,14.147058823529411,14.6890756302521,0.5420168067226889,16.0,16.0,0.0
NIH,0.8,19,0.8870967741935484,0.9233870967741936,0.03629032258064524,13.564516129032258,13.669354838709678,0.10483870967741993,16.0,15.0,-1.0
NIH,0.8,20,0.9,0.9608695652173912,0.060869565217391175,13.517391304347829,14.28695652173913,0.7695652173913015,16.0,16.0,0.0
NIH,0.8,21,0.9310344827586208,0.9698275862068966,0.0387931034482758,14.02155172413793,14.16810344827586,0.14655172413792883,16.0,15.0,-1.0
NIH,0.8,22,0.907563025210084,0.8991596638655462,-0.008403361344537785,13.533613445378151,12.815126050420169,-0.7184873949579824,16.0,14.0,-2.0
NIH,0.8,23,0.8818565400843882,0.9493670886075948,0.06751054852320659,13.40084388185654,13.873417721518988,0.4725738396624486,16.0,15.0,-1.0
NIH,0.8,24,0.9367588932806324,0.9604743083003952,0.02371541501976271,13.885375494071146,14.16205533596838,0.27667984189723427,16.0,15.0,-1.0
NIH,0.8,25,0.8565573770491803,0.8852459016393442,0.02868852459016391,12.67622950819672,12.745901639344265,0.069672131147545,16.0,14.0,-2.0
NIH,0.8,26,0.9191489361702128,0.948936170212766,0.029787234042553234,14.297872340425531,14.242553191489362,-0.05531914893616907,16.0,16.0,0.0
NIH,0.8,27,0.9209486166007904,0.9446640316205532,0.02371541501976282,14.478260869565217,14.312252964426875,-0.16600790513834163,16.0,15.0,-1.0
NIH,0.8,28,0.8977777777777778,0.9111111111111112,0.01333333333333342,13.27111111111111,13.115555555555556,-0.155555555555555,16.0,14.0,-2.0
NIH,0.8,29,0.9116465863453816,0.9718875502008032,0.06024096385542155,13.803212851405622,14.590361445783133,0.787148594377511,16.0,16.0,0.0
NIH,0.9,0,0.9288702928870292,0.9707112970711296,0.04184100418410042,14.728033472803348,14.97071129707113,0.24267782426778162,16.0,16.0,0.0
NIH,0.9,1,0.9017857142857144,0.9598214285714286,0.05803571428571419,14.638392857142858,15.075892857142858,0.4375,16.0,16.0,0.0
NIH,0.9,2,0.8870292887029289,0.9497907949790796,0.06276150627615074,14.267782426778243,14.690376569037657,0.4225941422594133,16.0,16.0,0.0
NIH,0.9,3,0.9045643153526972,0.979253112033195,0.07468879668049777,14.630705394190873,14.838174273858922,0.20746887966804906,16.0,15.0,-1.0
NIH,0.9,4,0.9083665338645418,0.9641434262948207,0.055776892430278946,14.48605577689243,15.278884462151394,0.7928286852589643,16.0,16.0,0.0
NIH,0.9,5,0.9414414414414416,0.990990990990991,0.049549549549549377,14.545045045045043,15.306306306306306,0.7612612612612626,16.0,16.0,0.0
NIH,0.9,6,0.9025270758122744,0.9530685920577616,0.050541516245487195,14.617328519855596,15.0,0.38267148014440444,16.0,16.0,0.0
NIH,0.9,7,0.8941176470588236,0.9215686274509804,0.027450980392156876,14.47843137254902,14.713725490196078,0.235294117647058,16.0,16.0,0.0
NIH,0.9,8,0.908713692946058,0.983402489626556,0.07468879668049799,14.369294605809127,15.161825726141078,0.792531120331951,16.0,16.0,0.0
NIH,0.9,9,0.9466666666666668,0.9555555555555556,0.008888888888888835,14.724444444444444,15.075555555555557,0.3511111111111127,16.0,16.0,0.0
NIH,0.9,10,0.8928571428571429,0.9761904761904762,0.08333333333333326,14.928571428571429,14.765873015873016,-0.162698412698413,16.0,16.0,0.0
NIH,0.9,11,0.9274809160305344,0.9541984732824428,0.026717557251908386,14.580152671755725,14.931297709923664,0.35114503816793885,16.0,16.0,0.0
NIH,0.9,12,0.9047619047619048,0.98015873015873,0.07539682539682524,14.404761904761903,15.11904761904762,0.7142857142857171,16.0,16.0,0.0
NIH,0.9,13,0.9271255060728744,0.9190283400809716,-0.0080971659919028,14.96761133603239,14.761133603238866,-0.20647773279352322,16.0,16.0,0.0
NIH,0.9,14,0.9159663865546218,0.9663865546218487,0.050420168067226934,14.525210084033612,15.084033613445378,0.5588235294117663,16.0,16.0,0.0
NIH,0.9,15,0.9094650205761317,0.9835390946502056,0.07407407407407396,14.74485596707819,15.34156378600823,0.5967078189300405,16.0,16.0,0.0
NIH,0.9,16,0.9344978165938864,0.960698689956332,0.026200873362445587,15.09170305676856,14.925764192139738,-0.16593886462882246,16.0,16.0,0.0
NIH,0.9,17,0.8973214285714286,0.9776785714285714,0.0803571428571428,14.1875,15.321428571428571,1.1339285714285712,16.0,16.0,0.0
NIH,0.9,18,0.9159663865546218,0.9831932773109244,0.06722689075630262,14.806722689075633,15.222689075630251,0.4159663865546186,16.0,16.0,0.0
NIH,0.9,19,0.8830645161290323,0.9556451612903226,0.07258064516129037,14.338709677419354,14.84274193548387,0.504032258064516,16.0,16.0,0.0
NIH,0.9,20,0.9130434782608696,0.9739130434782608,0.060869565217391175,14.395652173913044,14.978260869565217,0.5826086956521728,16.0,16.0,0.0
NIH,0.9,21,0.9310344827586208,0.9439655172413792,0.012931034482758452,14.72844827586207,14.96551724137931,0.23706896551724022,16.0,16.0,0.0
NIH,0.9,22,0.9285714285714286,0.9285714285714286,0.0,14.894957983193278,14.928571428571429,0.03361344537815114,16.0,16.0,0.0
NIH,0.9,23,0.890295358649789,0.9578059071729956,0.06751054852320659,14.084388185654008,14.860759493670884,0.7763713080168753,16.0,16.0,0.0
NIH,0.9,24,0.9446640316205532,0.9683794466403162,0.02371541501976293,14.711462450592885,15.15810276679842,0.446640316205535,16.0,16.0,0.0
NIH,0.9,25,0.9057377049180328,0.9467213114754098,0.040983606557376984,14.5327868852459,14.364754098360656,-0.16803278688524337,16.0,15.0,-1.0
NIH,0.9,26,0.8936170212765957,0.9702127659574468,0.07659574468085106,14.697872340425532,15.31063829787234,0.6127659574468076,16.0,16.0,0.0
NIH,0.9,27,0.9288537549407114,0.9683794466403162,0.03952569169960474,15.209486166007904,15.213438735177863,0.003952569169959119,16.0,16.0,0.0
NIH,0.9,28,0.88,0.96,0.07999999999999996,14.044444444444444,15.062222222222225,1.0177777777777806,16.0,16.0,0.0
NIH,0.9,29,0.8875502008032129,0.9759036144578314,0.08835341365461846,14.393574297188756,15.132530120481928,0.7389558232931712,16.0,16.0,0.0
CIFAR-10H,0.7,0,0.8983333333333333,0.9693333333333334,0.07100000000000006,1.0903333333333334,1.7626666666666666,0.6723333333333332,1.0,3.0,2.0
CIFAR-10H,0.7,1,0.8923333333333333,0.967,0.07466666666666666,1.0916666666666666,1.825,0.7333333333333334,1.0,3.0,2.0
CIFAR-10H,0.7,2,0.892,0.9686666666666668,0.07666666666666677,1.0993333333333333,1.711,0.6116666666666668,1.0,3.0,2.0
CIFAR-10H,0.7,3,0.892,0.965,0.07299999999999995,1.0786666666666669,1.6763333333333332,0.5976666666666663,1.0,3.0,2.0
CIFAR-10H,0.7,4,0.899,0.976,0.07699999999999996,1.084,1.8073333333333328,0.7233333333333327,1.0,3.0,2.0
CIFAR-10H,0.7,5,0.8946666666666667,0.9733333333333334,0.07866666666666666,1.071,1.738,0.667,1.0,3.0,2.0
CIFAR-10H,0.7,6,0.9106666666666666,0.9746666666666668,0.06400000000000017,1.1043333333333334,1.7766666666666666,0.6723333333333332,2.0,3.0,1.0
CIFAR-10H,0.7,7,0.9113333333333332,0.9696666666666668,0.05833333333333357,1.1013333333333333,1.648,0.5466666666666666,2.0,3.0,1.0
CIFAR-10H,0.7,8,0.894,0.9713333333333334,0.07733333333333337,1.0786666666666669,1.8373333333333333,0.7586666666666664,1.0,3.0,2.0
CIFAR-10H,0.7,9,0.9003333333333333,0.9683333333333334,0.06800000000000006,1.087,1.7126666666666666,0.6256666666666666,1.0,3.0,2.0
CIFAR-10H,0.7,10,0.8976666666666666,0.9706666666666668,0.07300000000000018,1.0863333333333334,1.8363333333333332,0.7499999999999998,1.0,3.0,2.0
CIFAR-10H,0.7,11,0.8986666666666666,0.969,0.07033333333333336,1.0863333333333334,1.7353333333333334,0.649,1.0,3.0,2.0
CIFAR-10H,0.7,12,0.9073333333333332,0.973,0.06566666666666676,1.0843333333333334,1.885,0.8006666666666666,1.0,3.0,2.0
CIFAR-10H,0.7,13,0.9016666666666666,0.9713333333333334,0.06966666666666677,1.0856666666666666,1.655333333333333,0.5696666666666665,1.0,3.0,2.0
CIFAR-10H,0.7,14,0.9013333333333332,0.9736666666666668,0.07233333333333358,1.0996666666666666,1.8123333333333331,0.7126666666666666,1.0,3.0,2.0
CIFAR-10H,0.7,15,0.8973333333333333,0.9666666666666668,0.06933333333333347,1.088666666666667,1.792,0.7033333333333331,1.0,3.0,2.0
CIFAR-10H,0.7,16,0.8926666666666667,0.9716666666666668,0.07900000000000007,1.078,1.8226666666666669,0.7446666666666668,1.0,4.0,3.0
CIFAR-10H,0.7,17,0.9066666666666666,0.971,0.06433333333333335,1.1153333333333333,1.7796666666666667,0.6643333333333334,2.0,3.0,1.0
CIFAR-10H,0.7,18,0.9106666666666666,0.9753333333333334,0.06466666666666676,1.0896666666666666,1.899333333333333,0.8096666666666665,1.0,3.0,2.0
CIFAR-10H,0.7,19,0.8823333333333333,0.972,0.08966666666666667,1.0636666666666668,1.856666666666667,0.7930000000000001,1.0,3.0,2.0
