success,mean_size,p90_size,p95_size,mean_mass,minority,method,rep,q
0.8843333333333333,1.0476666666666667,1.0,2.0,0.8744201481755114,0.006747047729961688,top1_cp,0,0.7
0.904,1.112,2.0,2.0,0.8929517417215987,0.007992003497247614,mccp10,0,0.7
0.8983333333333333,1.0903333333333334,1.0,2.0,0.8875341385827049,0.007533412993887014,global_panel,0,0.7
0.9693333333333334,1.7626666666666666,3.0,4.0,0.955229557967705,0.019581097870879725,pacs_mondrian,0,0.7
0.8783333333333333,1.0473333333333332,1.0,2.0,0.872132017694059,0.008716130944319837,top1_cp,1,0.7
0.908,1.1526666666666667,2.0,2.0,0.9005631326046256,0.01086034433947544,mccp10,1,0.7
0.8923333333333333,1.0916666666666666,1.0,2.0,0.8857866801888282,0.009719779916030223,global_panel,1,0.7
0.967,1.825,3.0,4.0,0.9559617276178339,0.02159492992947926,pacs_mondrian,1,0.7
0.8746666666666667,1.0436666666666667,1.0,1.0,0.8652844369259234,0.007443870989470532,top1_cp,2,0.7
0.9036666666666666,1.139,2.0,2.0,0.893241796404306,0.009145763257712755,mccp10,2,0.7
0.892,1.0993333333333333,1.0,2.0,0.8824376891276265,0.008615857717848044,global_panel,2,0.7
0.9686666666666667,1.711,3.0,4.0,0.95393212542593,0.019495228382512077,pacs_mondrian,2,0.7
0.8823333333333333,1.0396666666666667,1.0,1.0,0.8733194097175996,0.008248259490997136,top1_cp,3,0.7
0.8996666666666666,1.1066666666666667,2.0,2.0,0.8904583508680087,0.009490174943850986,mccp10,3,0.7
0.892,1.0786666666666667,1.0,2.0,0.8830765798199577,0.009089189493057627,global_panel,3,0.7
0.965,1.6763333333333332,3.0,4.0,0.9525082304448546,0.019382817455270852,pacs_mondrian,3,0.7
0.8843333333333333,1.0343333333333333,1.0,1.0,0.8768121147441261,0.0075300337928214415,top1_cp,4,0.7
0.9103333333333333,1.1273333333333333,2.0,2.0,0.9013817701183132,0.009605855489044454,mccp10,4,0.7
0.899,1.084,1.0,2.0,0.8908189579964516,0.008477760205054882,global_panel,4,0.7
0.976,1.8073333333333332,3.0,4.0,0.9620091630184854,0.021721180989691575,pacs_mondrian,4,0.7
0.878,1.0236666666666667,1.0,1.0,0.8698503538922518,0.006417394820444874,top1_cp,5,0.7
0.9023333333333333,1.1063333333333334,2.0,2.0,0.8930145380748878,0.00838452369038974,mccp10,5,0.7
0.8946666666666667,1.071,1.0,2.0,0.8859385080581272,0.0077462362404187675,global_panel,5,0.7
0.9733333333333334,1.738,3.0,4.0,0.9584979167418595,0.0189861297682296,pacs_mondrian,5,0.7
0.8923333333333333,1.039,1.0,1.0,0.882035852939782,0.006634017710839148,top1_cp,6,0.7
0.9186666666666666,1.1386666666666667,2.0,2.0,0.9067407356705501,0.008711802069865777,mccp10,6,0.7
0.9106666666666666,1.1043333333333334,2.0,2.0,0.8995670960334824,0.007912023260529864,global_panel,6,0.7
0.9746666666666667,1.7766666666666666,3.0,4.0,0.9594594365860815,0.01893820479708941,pacs_mondrian,6,0.7
0.8896666666666667,1.0366666666666666,1.0,1.0,0.8778980871530517,0.00634858714770971,top1_cp,7,0.7
0.9163333333333333,1.1233333333333333,2.0,2.0,0.9030673334186904,0.008541033419040027,mccp10,7,0.7
0.9113333333333333,1.1013333333333333,2.0,2.0,0.8982194363304887,0.008185705461054703,global_panel,7,0.7
0.9696666666666667,1.648,3.0,3.049999999999727,0.9538958128603161,0.01754929171044617,pacs_mondrian,7,0.7
0.876,1.0283333333333333,1.0,1.0,0.8685211976712492,0.007443424313751281,top1_cp,8,0.7
0.9113333333333333,1.148,2.0,2.0,0.90220484298178,0.01047819303459087,mccp10,8,0.7
0.894,1.0786666666666667,1.0,2.0,0.886849237694362,0.00894725327618074,global_panel,8,0.7
0.9713333333333334,1.8373333333333333,3.0,4.0,0.9579358378304388,0.021493028099134746,pacs_mondrian,8,0.7
0.879,1.0226666666666666,1.0,1.0,0.8675521683806103,0.006115321549559615,top1_cp,9,0.7
0.9086666666666666,1.1203333333333334,2.0,2.0,0.8960339241137095,0.008728672592403099,mccp10,9,0.7
0.9003333333333333,1.087,1.0,2.0,0.8876659453934767,0.007925142318215408,global_panel,9,0.7
0.9683333333333334,1.7126666666666666,3.0,4.0,0.9537962923630275,0.017578760465393587,pacs_mondrian,9,0.7
0.88,1.0353333333333334,1.0,1.0,0.8703596119182694,0.006956981608366263,top1_cp,10,0.7
0.9106666666666666,1.1316666666666666,2.0,2.0,0.8996070146908379,0.009435417641515948,mccp10,10,0.7
0.8976666666666666,1.0863333333333334,1.0,2.0,0.8872579275328814,0.0081357721500344,global_panel,10,0.7
0.9706666666666667,1.8363333333333334,3.0,4.0,0.9567358539014512,0.01962949594308619,pacs_mondrian,10,0.7
0.8833333333333333,1.0403333333333333,1.0,1.0,0.8737924297537552,0.008015108308990476,top1_cp,11,0.7
0.9086666666666666,1.1286666666666667,2.0,2.0,0.8980593945364569,0.010080311771779578,mccp10,11,0.7
0.8986666666666666,1.0863333333333334,1.0,2.0,0.8880981832876582,0.008863801018563688,global_panel,11,0.7
0.969,1.7353333333333334,3.0,4.0,0.9545329502526863,0.019805512820373898,pacs_mondrian,11,0.7
0.894,1.0413333333333334,1.0,1.0,0.8873737129321186,0.007986928990147454,top1_cp,12,0.7
0.914,1.11,2.0,2.0,0.905756145730266,0.009922141438689932,mccp10,12,0.7
0.9073333333333333,1.0843333333333334,1.0,2.0,0.8996613162349371,0.009027445330049,global_panel,12,0.7
0.973,1.885,3.0,4.0,0.961721558887379,0.02176632184271952,pacs_mondrian,12,0.7
0.8793333333333333,1.0233333333333334,1.0,1.0,0.8696017806044929,0.00622011645216769,top1_cp,13,0.7
0.9096666666666666,1.1153333333333333,2.0,2.0,0.8973720011075693,0.008795013926703973,mccp10,13,0.7
0.9016666666666666,1.0856666666666666,1.0,2.0,0.8899962904416313,0.007797783249762053,global_panel,13,0.7
0.9713333333333334,1.6553333333333333,3.0,3.0,0.9561663594873008,0.018209388807165435,pacs_mondrian,13,0.7
0.8773333333333333,1.0286666666666666,1.0,1.0,0.8687698623986607,0.006255019178467144,top1_cp,14,0.7
0.9123333333333333,1.141,2.0,2.0,0.9019137624978513,0.008688782735767028,mccp10,14,0.7
0.9013333333333333,1.0996666666666666,1.0,2.0,0.8916097230246699,0.007810195546063045,global_panel,14,0.7
0.9736666666666667,1.8123333333333334,3.0,4.0,0.9585536995764925,0.01880859073403574,pacs_mondrian,14,0.7
0.8753333333333333,1.031,1.0,1.0,0.8685220914144545,0.007339899428561893,top1_cp,15,0.7
0.905,1.1263333333333334,2.0,2.0,0.8960998004694364,0.009073927073431591,mccp10,15,0.7
0.8973333333333333,1.0886666666666667,1.0,2.0,0.8889450861246866,0.008446665954986471,global_panel,15,0.7
0.9666666666666667,1.792,3.0,3.0,0.9536237591394133,0.01892111711020764,pacs_mondrian,15,0.7
0.8713333333333333,1.0136666666666667,1.0,1.0,0.8609791275169476,0.006783572546907863,top1_cp,16,0.7
0.9023333333333333,1.1076666666666666,2.0,2.0,0.8906277045050083,0.008659353573875424,mccp10,16,0.7
0.8926666666666667,1.078,1.0,2.0,0.8816042882996344,0.008024727014984401,global_panel,16,0.7
0.9716666666666667,1.8226666666666667,4.0,4.0,0.9582216296427449,0.020039955823367463,pacs_mondrian,16,0.7
0.889,1.0483333333333333,1.0,2.0,0.8794670333108964,0.008136914168109665,top1_cp,17,0.7
0.9133333333333333,1.1493333333333333,2.0,2.0,0.902822376026457,0.010469808512854752,mccp10,17,0.7
0.9066666666666666,1.1153333333333333,2.0,2.0,0.8962722704314737,0.009852380769737146,global_panel,17,0.7
0.971,1.7796666666666667,3.0,3.0,0.956267352644589,0.019454909488925486,pacs_mondrian,17,0.7
0.898,1.047,1.0,2.0,0.8881612644661674,0.007269003070130916,top1_cp,18,0.7
0.9203333333333333,1.122,2.0,2.0,0.9086757773439291,0.00955915999699742,mccp10,18,0.7
0.9106666666666666,1.0896666666666666,1.0,2.0,0.8998152810880703,0.008198717788398665,global_panel,18,0.7
0.9753333333333334,1.8993333333333333,3.0,4.0,0.9632403440136352,0.02129926481466453,pacs_mondrian,18,0.7
0.8703333333333333,1.028,1.0,1.0,0.8627016893350655,0.0072974419791245046,top1_cp,19,0.7
0.8906666666666667,1.0893333333333333,1.0,2.0,0.8812445915705128,0.009316994699583758,mccp10,19,0.7
0.8823333333333333,1.0636666666666668,1.0,2.0,0.8734869126060651,0.008763836410627151,global_panel,19,0.7
0.972,1.8566666666666667,3.0,4.049999999999727,0.9588459032659771,0.02167707182634865,pacs_mondrian,19,0.7
