case_mass_success,mean_mass,p10_mass,mean_size,median_size,p90_size,top1_coverage,minority_fraction,empty,rep,model,method,q,gate_gate_threshold,gate_train_gate_rate,gate_cal_gate_rate,gate_use_high_pacs,gate_low_threshold,gate_global_threshold,gate_constant_gate
0.9025641025641026,0.9696610553231758,0.9019047619047619,53.572649572649574,48.0,102.0,0.9811965811965812,0.9510538853370305,0.0,0,0,global,0.9,,,,,,,
0.48547008547008547,0.7995841437957322,0.47182662538699693,7.167521367521368,7.0,12.0,0.864957264957265,0.6997801342364663,0.0,0,0,top1_cp,0.9,,,,,,,
0.7213675213675214,0.9079980177360192,0.7142857142857144,16.258119658119657,15.0,29.0,0.9367521367521368,0.8604182195004699,0.0,0,0,mccp10,0.9,,,,,,,
0.8991452991452992,0.9705038863831276,0.8957142857142857,58.547008547008545,65.0,90.0,0.9829059829059829,0.9483524427512094,0.0,0,0,pacs_gated,0.9,0.8883629342074844,0.8676092544987146,0.8476027397260274,True,0.0004140097815441423,0.0003457978637195836,
0.935042735042735,0.981827098699914,0.9375,55.84273504273504,48.0,108.0,0.9914529914529915,0.9643087443126066,0.0,0,1,global,0.9,,,,,,,
0.6136752136752137,0.8620263094363027,0.5651567944250872,9.664957264957264,9.0,16.0,0.9213675213675213,0.7881087865965375,0.0,0,1,top1_cp,0.9,,,,,,,
0.7623931623931623,0.9250435796032863,0.7777777777777777,18.406837606837605,17.0,33.0,0.9555555555555556,0.885917503852608,0.0,0,1,mccp10,0.9,,,,,,,
0.9264957264957265,0.9791817475773761,0.9333333333333333,61.608547008547006,54.0,87.0,0.9880341880341881,0.9656941617929518,0.0,0,1,pacs_gated,0.9,0.7611950640004632,0.8534704370179949,0.8527397260273972,True,9.339022139691053e-05,0.00035330752863012754,
0.8752136752136752,0.9625134559173867,0.8779411764705882,46.42905982905983,43.0,84.0,0.9811965811965812,0.9406808304166375,0.0,0,2,global,0.9,,,,,,,
0.5692307692307692,0.8255842867773906,0.44756756756756755,10.810256410256411,10.0,18.600000000000023,0.882051282051282,0.7576980687058443,0.0,0,2,top1_cp,0.9,,,,,,,
0.7333333333333333,0.9017210838355313,0.6666666666666666,19.466666666666665,18.0,35.0,0.9401709401709402,0.8557789947007928,0.0,0,2,mccp10,0.9,,,,,,,
0.9094017094017094,0.9692065897647621,0.9166572557876906,56.664957264957266,56.0,78.0,0.9829059829059829,0.9545804465659244,0.0,0,2,pacs_gated,0.9,0.8276781506033626,0.8727506426735219,0.8938356164383562,True,3.4240357006793415e-05,0.00034811112254721555,
0.9179487179487179,0.9744411981474735,0.9318181818181818,63.78632478632478,57.0,120.60000000000002,0.9829059829059829,0.9617932392170162,0.0,0,3,global,0.9,,,,,,,
0.6324786324786325,0.851214856668029,0.5,12.152136752136752,11.0,21.0,0.8940170940170941,0.7888781928364468,0.0,0,3,top1_cp,0.9,,,,,,,
0.7162393162393162,0.8936000981065748,0.6666666666666666,17.46324786324786,16.0,30.600000000000023,0.9247863247863248,0.8475313550618515,0.0,0,3,mccp10,0.9,,,,,,,
0.8854700854700854,0.964821683393447,0.8841287458379579,56.22051282051282,53.0,78.0,0.9743589743589743,0.9539313023411893,0.0,0,3,pacs_gated,0.9,0.7526839763214263,0.8881748071979434,0.8681506849315068,True,0.00013590056383675937,0.00020910615148721099,
0.8991452991452992,0.9720135665470475,0.8968421052631578,48.50769230769231,44.0,90.60000000000002,0.9863247863247864,0.9549021983673387,0.0,1,0,global,0.9,,,,,,,
0.49572649572649574,0.8170582337568588,0.5,7.875213675213676,8.0,13.0,0.8940170940170941,0.7186327833873215,0.0,1,0,top1_cp,0.9,,,,,,,
0.6974358974358974,0.9059461234361289,0.7120300751879699,15.572649572649572,15.0,27.0,0.9452991452991453,0.8534936064878086,0.0,1,0,mccp10,0.9,,,,,,,
0.9008547008547009,0.9717665558159508,0.8999999999999999,50.287179487179486,55.0,81.0,0.9863247863247864,0.9554246053793882,0.0,1,0,pacs_gated,0.9,0.8359959323433946,0.8766066838046273,0.839041095890411,True,0.00026580321656499624,0.0004395693035928669,
0.9042735042735043,0.9717717314523365,0.9,50.4974358974359,43.0,98.60000000000002,0.9897435897435898,0.9518296896190925,0.0,1,1,global,0.9,,,,,,,
0.5692307692307692,0.8381384065226377,0.5,9.234188034188033,9.0,16.0,0.8991452991452992,0.7583951876734203,0.0,1,1,top1_cp,0.9,,,,,,,
0.7299145299145299,0.9142699512505225,0.7142857142857142,17.147008547008546,15.0,31.0,0.9555555555555556,0.8643710730213707,0.0,1,1,mccp10,0.9,,,,,,,
0.8991452991452992,0.9701686317094215,0.8968421052631578,56.17777777777778,55.0,88.0,0.9880341880341881,0.950814458835371,0.0,1,1,pacs_gated,0.9,0.8300390105967284,0.8547557840616966,0.8287671232876712,True,0.00044320076069205767,0.00041319891155142726,
0.9333333333333333,0.9791097480514831,0.9473684210526315,67.63418803418803,62.0,125.60000000000002,0.9931623931623932,0.9631023183525163,0.0,1,2,global,0.9,,,,,,,
0.6905982905982906,0.8879168302369367,0.6666666666666666,15.292307692307693,14.0,26.0,0.9384615384615385,0.8262496346118825,0.0,1,2,top1_cp,0.9,,,,,,,
0.7726495726495727,0.918440822854824,0.7272727272727272,21.61709401709402,19.0,38.60000000000002,0.9572649572649573,0.8717249080400589,0.0,1,2,mccp10,0.9,,,,,,,
0.9230769230769231,0.9719731742791616,0.9262599469496021,64.46495726495726,59.0,103.60000000000002,0.9880341880341881,0.9559229480936484,0.0,1,2,pacs_gated,0.9,0.789700833911654,0.8586118251928021,0.863013698630137,True,0.0005637134937073312,0.0001407099534630021,
0.8991452991452992,0.967152966014496,0.8989830508474577,60.40854700854701,54.0,109.0,0.9777777777777777,0.9510218993959891,0.0,1,3,global,0.9,,,,,,,
0.5965811965811966,0.8473769689186075,0.5714285714285714,12.2991452991453,12.0,21.0,0.9042735042735043,0.7690675100572258,0.0,1,3,top1_cp,0.9,,,,,,,
0.7299145299145299,0.903506246178441,0.7142857142857142,19.04957264957265,18.0,33.0,0.9435897435897436,0.8444398403149632,0.0,1,3,mccp10,0.9,,,,,,,
0.8991452991452992,0.9671276963918854,0.8989830508474577,54.95897435897436,53.0,84.60000000000002,0.9794871794871794,0.94777570896277,0.0,1,3,pacs_gated,0.9,0.7819883784927565,0.8830334190231363,0.8938356164383562,True,0.00022609020211684713,0.00022370739245082714,
0.8957264957264958,0.968140698510414,0.8920826161790016,49.323076923076925,44.0,93.0,0.9829059829059829,0.9478512472368703,0.0,2,0,global,0.9,,,,,,,
0.558974358974359,0.8365641613053283,0.5,8.582905982905983,8.0,14.0,0.9042735042735043,0.74953244972459,0.0,2,0,top1_cp,0.9,,,,,,,
0.6820512820512821,0.8913257142573173,0.689423076923077,14.109401709401709,13.0,24.0,0.9435897435897436,0.8277315498478216,0.0,2,0,mccp10,0.9,,,,,,,
0.9025641025641026,0.9675244064422643,0.9,53.955555555555556,47.0,101.0,0.9777777777777777,0.9534181400818748,0.0,2,0,pacs_gated,0.9,0.82334278625001,0.8894601542416453,0.8818493150684932,True,0.000312515498196708,0.00040407232968448295,
0.9264957264957265,0.9777565074834141,0.9295566502463055,50.15897435897436,44.0,96.60000000000002,0.9863247863247864,0.9622131732443562,0.0,2,1,global,0.9,,,,,,,
0.5025641025641026,0.8092133075768149,0.41666666666666663,7.512820512820513,7.0,12.0,0.8700854700854701,0.711897519996363,0.0,2,1,top1_cp,0.9,,,,,,,
0.6974358974358974,0.9010578889629473,0.6953846153846155,15.143589743589743,14.0,27.0,0.9316239316239316,0.84977989830736,0.0,2,1,mccp10,0.9,,,,,,,
0.9145299145299145,0.9764628902536985,0.9267477203647417,54.47179487179487,59.0,81.0,0.9846153846153847,0.9603913156932056,0.0,2,1,pacs_gated,0.9,0.887258263167918,0.8419023136246787,0.8561643835616438,True,0.00078472253867316,0.0004236075165510787,
0.9299145299145299,0.9754572983000809,0.9333333333333333,69.64444444444445,66.0,124.60000000000002,0.9880341880341881,0.9579193960369151,0.0,2,2,global,0.9,,,,,,,
0.5641025641025641,0.8328204578562718,0.5,11.928205128205128,11.0,20.0,0.8871794871794871,0.7545922876536059,0.0,2,2,top1_cp,0.9,,,,,,,
0.7435897435897436,0.9089590378770409,0.7142857142857144,22.6974358974359,20.0,40.0,0.9435897435897436,0.8659443287960346,0.0,2,2,mccp10,0.9,,,,,,,
0.9179487179487179,0.9717615157408336,0.9230769230769231,64.85128205128206,77.0,87.0,0.9829059829059829,0.9554350430308228,0.0,2,2,pacs_gated,0.9,0.8332646149955819,0.8817480719794345,0.8784246575342466,True,0.00014451168190442764,0.00014330508365723092,
0.8957264957264958,0.9686133111364679,0.8928571428571428,56.96068376068376,51.0,102.60000000000002,0.9880341880341881,0.9478747299331037,0.0,2,3,global,0.9,,,,,,,
0.6547008547008547,0.8741260998782259,0.6000000000000001,13.38974358974359,12.0,23.0,0.9316239316239316,0.8052539184351737,0.0,2,3,top1_cp,0.9,,,,,,,
0.7384615384615385,0.911752603621804,0.7142857142857144,19.0991452991453,18.0,33.0,0.9572649572649573,0.8555740778233819,0.0,2,3,mccp10,0.9,,,,,,,
0.8974358974358975,0.9706479859196556,0.8931610942249241,57.54017094017094,61.0,86.0,0.9880341880341881,0.9508756507655222,0.0,2,3,pacs_gated,0.9,0.7975463163700708,0.87146529562982,0.8715753424657534,True,0.0007380383805162146,0.0002564182588280606,
0.8666666666666667,0.9609843399867032,0.8666666666666667,42.49059829059829,38.0,78.0,0.9743589743589743,0.9349146367911046,0.0,3,0,global,0.9,,,,,,,
0.5230769230769231,0.8252360536616978,0.5,8.275213675213676,8.0,14.0,0.8871794871794871,0.7348207896256063,0.0,3,0,top1_cp,0.9,,,,,,,
0.7008547008547008,0.895635030373085,0.6874493927125507,15.169230769230769,14.0,26.600000000000023,0.9316239316239316,0.8410715761933341,0.0,3,0,mccp10,0.9,,,,,,,
0.8888888888888888,0.9651600277302371,0.8888888888888888,48.011965811965815,42.0,83.60000000000002,0.976068376068376,0.945141259942043,0.0,3,0,pacs_gated,0.9,0.8182044344530496,0.8881748071979434,0.8698630136986302,True,0.0030750388475807694,0.0005300207333510472,
0.9230769230769231,0.9752301034640131,0.9324242424242425,52.35042735042735,46.0,99.0,0.9829059829059829,0.9587470566604794,0.0,3,1,global,0.9,,,,,,,
0.505982905982906,0.8087977352696267,0.4536931818181818,7.611965811965812,7.0,13.0,0.8717948717948718,0.7095832170756882,0.0,3,1,top1_cp,0.9,,,,,,,
0.7282051282051282,0.9039019399967446,0.7101045296167249,15.883760683760684,15.0,28.0,0.9333333333333333,0.851711224404689,0.0,3,1,mccp10,0.9,,,,,,,
0.9162393162393162,0.9731265918366281,0.9280550774526679,55.65811965811966,53.0,92.60000000000002,0.9811965811965812,0.9596478843917553,0.0,3,1,pacs_gated,0.9,0.813614822103702,0.8547557840616966,0.8493150684931506,True,0.00044320076069205767,0.00040500880841507153,
0.8905982905982905,0.9669580953995374,0.8899598393574297,50.21880341880342,47.0,91.20000000000005,0.9811965811965812,0.9448857030943686,0.0,3,2,global,0.9,,,,,,,
0.6085470085470085,0.8613876391537779,0.6143356643356643,12.188034188034187,12.0,21.0,0.9213675213675213,0.7835018707701109,0.0,3,2,top1_cp,0.9,,,,,,,
0.7350427350427351,0.9153458287781717,0.7296969696969697,19.74871794871795,18.0,36.0,0.9538461538461539,0.863092790229645,0.0,3,2,mccp10,0.9,,,,,,,
0.9076923076923077,0.9668745302755148,0.9152380952380952,54.55897435897436,56.0,86.60000000000002,0.9794871794871794,0.9500001522368274,0.0,3,2,pacs_gated,0.9,0.7561637652700066,0.8868894601542416,0.8835616438356164,True,6.260781383083269e-05,0.00029898351292234826,
0.905982905982906,0.9699592908046056,0.9,55.96923076923077,50.0,103.60000000000002,0.9794871794871794,0.9530346659423481,0.0,3,3,global,0.9,,,,,,,
0.5521367521367522,0.8267208954755527,0.4444444444444444,10.114529914529914,9.0,17.0,0.8769230769230769,0.7504513669525639,0.0,3,3,top1_cp,0.9,,,,,,,
0.7230769230769231,0.90270019219098,0.6953846153846154,17.203418803418803,16.0,29.0,0.9401709401709402,0.8443832281389358,0.0,3,3,mccp10,0.9,,,,,,,
0.9196581196581196,0.9750014792272435,0.9333333333333333,63.0974358974359,56.0,94.0,0.9846153846153847,0.9612189978138713,0.0,3,3,pacs_gated,0.9,0.7502389471788129,0.8804627249357326,0.9297945205479452,True,1.4939625028241253e-05,0.0002458891816323456,
0.8974358974358975,0.9656765700541937,0.8912280701754386,48.16581196581197,43.0,93.0,0.9811965811965812,0.9489019582537481,0.0,4,0,global,0.9,,,,,,,
0.5726495726495726,0.8433889553583397,0.5317006802721088,8.786324786324787,8.0,15.0,0.9094017094017094,0.7552917677186038,0.0,4,0,top1_cp,0.9,,,,,,,
0.7145299145299145,0.8983661340622798,0.7077399380804954,13.788034188034189,13.0,24.0,0.9384615384615385,0.8431138249365234,0.0,4,0,mccp10,0.9,,,,,,,
0.9145299145299145,0.9702144661507229,0.9273109243697479,50.78803418803419,56.0,75.0,0.9863247863247864,0.9555706258878804,0.0,4,0,pacs_gated,0.9,0.807653473883502,0.8817480719794345,0.8544520547945206,True,0.0007398110984981375,0.0004260764551003065,
0.9076923076923077,0.9708156279544212,0.9121212121212121,47.794871794871796,42.0,91.60000000000002,0.9863247863247864,0.9534891369351042,0.0,4,1,global,0.9,,,,,,,
0.5555555555555556,0.8291404094260517,0.5,8.441025641025641,8.0,14.0,0.8905982905982905,0.7377535426388362,0.0,4,1,top1_cp,0.9,,,,,,,
0.7230769230769231,0.8995226851856006,0.6723404255319151,15.432478632478633,14.0,28.0,0.9333333333333333,0.8617376822211533,0.0,4,1,mccp10,0.9,,,,,,,
0.9145299145299145,0.9724771143750615,0.9295566502463054,56.83931623931624,50.0,103.0,0.9863247863247864,0.9600745632930869,0.0,4,1,pacs_gated,0.9,0.8663762367770883,0.890745501285347,0.8784246575342466,True,0.0006541801835215463,0.00043510733876838694,
0.9145299145299145,0.9779006617883511,0.9230769230769231,59.00854700854701,55.0,105.0,0.9931623931623932,0.9591303799397547,0.0,4,2,global,0.9,,,,,,,
0.6153846153846154,0.8544024404046807,0.5794871794871795,12.504273504273504,12.0,21.600000000000023,0.9213675213675213,0.785246680013657,0.0,4,2,top1_cp,0.9,,,,,,,
0.764102564102564,0.9161636192672995,0.7142857142857144,20.803418803418804,19.0,37.0,0.9538461538461539,0.8718290786937463,0.0,4,2,mccp10,0.9,,,,,,,
0.9247863247863248,0.9801453111910088,0.9285714285714286,64.15726495726496,49.0,109.0,0.9931623931623932,0.9637811515302777,0.0,4,2,pacs_gated,0.9,0.8545838335962838,0.8676092544987146,0.8595890410958904,True,7.687960185716096e-05,0.00022409361917036415,
0.8803418803418803,0.9641450640608953,0.877,52.64957264957265,48.0,100.0,0.9777777777777777,0.9417805476089246,0.0,4,3,global,0.9,,,,,,,
0.6170940170940171,0.8626099843143763,0.6276315789473685,12.148717948717948,12.0,22.0,0.9076923076923077,0.7884584553188402,0.0,4,3,top1_cp,0.9,,,,,,,
0.7213675213675214,0.9050914111133918,0.7142857142857142,18.198290598290598,17.0,32.0,0.9333333333333333,0.8508186973833577,0.0,4,3,mccp10,0.9,,,,,,,
0.8923076923076924,0.9678545544976124,0.8888888888888888,52.758974358974356,48.0,85.0,0.9794871794871794,0.9474874901093555,0.0,4,3,pacs_gated,0.9,0.7371949131002684,0.8663239074550129,0.8561643835616438,True,0.00022609020211684713,0.0002799011967265234,
0.9025641025641026,0.9757906055681127,0.9,52.401709401709404,48.0,95.0,0.9914529914529915,0.9502270095999757,0.0,5,0,global,0.9,,,,,,,
0.5504273504273505,0.8403558370668174,0.5287764866712236,8.945299145299145,8.0,15.0,0.8888888888888888,0.7603816250891805,0.0,5,0,top1_cp,0.9,,,,,,,
0.705982905982906,0.9110016823706736,0.730703259005146,16.57777777777778,16.0,29.0,0.9504273504273504,0.8579772552446712,0.0,5,0,mccp10,0.9,,,,,,,
0.8854700854700854,0.9704419695258786,0.8876310272536687,49.36239316239316,51.0,75.20000000000005,0.9863247863247864,0.9469070847430178,0.0,5,0,pacs_gated,0.9,0.8160978389455306,0.8933161953727506,0.9006849315068494,True,8.742188173852004e-05,0.00036078595436107007,
0.9145299145299145,0.9778947054314702,0.9230769230769231,47.87521367521367,43.0,92.60000000000002,0.9931623931623932,0.9561893309534197,0.0,5,1,global,0.9,,,,,,,
0.5948717948717949,0.858871905695146,0.5714285714285714,10.2,10.0,17.600000000000023,0.9213675213675213,0.7895676460356557,0.0,5,1,top1_cp,0.9,,,,,,,
0.694017094017094,0.9040234452064401,0.7014814814814815,15.892307692307693,15.0,28.0,0.9521367521367521,0.8513094652482941,0.0,5,1,mccp10,0.9,,,,,,,
0.9145299145299145,0.9779023047171107,0.9271818983250075,58.53846153846154,62.0,100.0,0.9880341880341881,0.9625531274630119,0.0,5,1,pacs_gated,0.9,0.7656040864019941,0.8830334190231363,0.8801369863013698,True,0.0007637768288239295,0.0004727938752390226,
0.8940170940170941,0.9662470054413239,0.8896969696969698,48.39316239316239,45.0,87.0,0.9777777777777777,0.9443209656419247,0.0,5,2,global,0.9,,,,,,,
0.6153846153846154,0.8545266754328548,0.5494949494949496,12.008547008547009,11.0,20.600000000000023,0.9094017094017094,0.7733549768404105,0.0,5,2,top1_cp,0.9,,,,,,,
0.7076923076923077,0.894124004981403,0.6666666666666666,17.429059829059828,16.0,31.0,0.9299145299145299,0.8340640453764591,0.0,5,2,mccp10,0.9,,,,,,,
0.9196581196581196,0.9730088957248371,0.9318181818181819,54.17777777777778,56.0,72.0,0.9811965811965812,0.9585983203063934,0.0,5,2,pacs_gated,0.9,0.7225238076072318,0.8997429305912596,0.9143835616438356,True,6.480181561024527e-05,0.00029639714262187823,
0.9282051282051282,0.9807146565132169,0.9595535477013021,69.46153846153847,66.0,126.60000000000002,0.9914529914529915,0.9635426615842241,0.0,5,3,global,0.9,,,,,,,
0.6461538461538462,0.8729768875884604,0.6000000000000001,13.803418803418804,13.0,24.0,0.9196581196581196,0.8037668008858769,0.0,5,3,top1_cp,0.9,,,,,,,
0.7401709401709402,0.9151689219006699,0.7153638814016173,21.196581196581196,20.0,37.60000000000002,0.9487179487179487,0.8627841140306206,0.0,5,3,mccp10,0.9,,,,,,,
0.935042735042735,0.9829500048271368,0.9595535477013021,70.02051282051282,57.0,105.0,0.9914529914529915,0.9659495687993036,0.0,5,3,pacs_gated,0.9,0.8336489224259712,0.8856041131105399,0.9023972602739726,True,2.6249643664922793e-05,0.00016040669507049826,
