case_mass_success,mean_mass,p10_mass,mean_size,median_size,p90_size,top1_coverage,minority_fraction,empty,rep,model,method,selected_method,selected_q
0.8854700854700854,0.9650947840707175,0.8876310272536688,50.87692307692308,45.0,98.0,0.9829059829059829,0.9449282214899157,0.0,0,0,global,global,
0.8974358974358975,0.9666653026917745,0.8947368421052632,56.8017094017094,57.0,91.60000000000002,0.9794871794871794,0.9520691383511525,0.0,0,0,pacs_cv,adaptive,0.95
0.8974358974358975,0.9658008832663156,0.8967598641233343,49.55897435897436,46.0,69.60000000000002,0.9794871794871794,0.95383887087883,0.0,0,0,safe_pacs,adaptive,0.85
0.905982905982906,0.9737208407471041,0.9,47.50940170940171,42.0,88.60000000000002,0.9880341880341881,0.9530436280760303,0.0,0,1,global,global,
0.9042735042735043,0.972367119090927,0.9,48.986324786324786,41.0,88.0,0.9897435897435898,0.9487667796026219,0.0,0,1,pacs_cv,adaptive,0.9
0.9111111111111111,0.9744106311413453,0.9224775224775226,65.52478632478632,62.0,125.60000000000002,0.9897435897435898,0.9456662506863336,0.0,0,1,safe_pacs,adaptive,0.95
0.8923076923076924,0.9649786072684678,0.8928571428571429,50.07350427350428,46.0,88.0,0.9777777777777777,0.9483248600974509,0.0,0,2,global,global,
0.8888888888888888,0.9634833866046204,0.8896969696969698,45.83589743589744,45.0,60.0,0.9726495726495726,0.9449649445748062,0.0,0,2,pacs_cv,adaptive,0.65
0.9025641025641026,0.9677787882582486,0.9,48.2017094017094,48.0,69.0,0.9794871794871794,0.9492811942547683,0.0,0,2,safe_pacs,adaptive,0.85
0.9367521367521368,0.975569765507539,0.9499999999999998,67.62222222222222,61.0,124.0,0.9863247863247864,0.9683218114233363,0.0,0,3,global,global,
0.9282051282051282,0.9740091184988432,0.9425274725274726,60.116239316239316,58.0,68.0,0.9846153846153847,0.9648182814516965,0.0,0,3,pacs_cv,adaptive,0.5
0.9299145299145299,0.9740949947385654,0.9425274725274726,59.733333333333334,59.0,69.0,0.9846153846153847,0.9652334218668368,0.0,0,3,safe_pacs,adaptive,0.65
0.8837606837606837,0.9632536175028461,0.8823529411764706,52.24957264957265,47.0,100.0,0.9777777777777777,0.9487204812494379,0.0,1,0,global,global,
0.8940170940170941,0.9642801170393948,0.887912087912088,49.256410256410255,45.0,71.60000000000002,0.9794871794871794,0.9505930565916301,0.0,1,0,pacs_cv,adaptive,0.85
0.8940170940170941,0.9642801170393948,0.887912087912088,49.256410256410255,45.0,71.60000000000002,0.9794871794871794,0.9505930565916301,0.0,1,0,safe_pacs,adaptive,0.85
0.8923076923076924,0.9708366670680456,0.8888888888888888,47.406837606837605,42.0,88.0,0.9897435897435898,0.940708491296592,0.0,1,1,global,global,
0.8940170940170941,0.9704386630649103,0.8888888888888888,46.85128205128205,42.0,73.0,0.9897435897435898,0.9390792650851375,0.0,1,1,pacs_cv,adaptive,0.85
0.8991452991452992,0.9730416241745206,0.8993258426966292,50.131623931623935,45.0,82.0,0.9914529914529915,0.9429461191552685,0.0,1,1,safe_pacs,adaptive,0.9
0.9128205128205128,0.9706498578582162,0.9380102040816326,63.31111111111111,60.0,112.60000000000002,0.9794871794871794,0.9590503167158526,0.0,1,2,global,global,
0.9008547008547009,0.9694833014483977,0.9,57.85299145299145,57.0,71.0,0.9829059829059829,0.9518960528895017,0.0,1,2,pacs_cv,adaptive,0.75
0.9128205128205128,0.9706498578582162,0.9380102040816326,63.31111111111111,60.0,112.60000000000002,0.9794871794871794,0.9590503167158526,0.0,1,2,safe_pacs,global,
0.9042735042735043,0.9738510998569786,0.9036363636363637,60.19145299145299,55.0,107.0,0.9880341880341881,0.9524466388410653,0.0,1,3,global,global,
0.9162393162393162,0.9749186828423052,0.9321246169560778,57.53504273504274,57.0,70.0,0.9846153846153847,0.9561104256995896,0.0,1,3,pacs_cv,adaptive,0.75
0.9042735042735043,0.9738510998569786,0.9036363636363637,60.19145299145299,55.0,107.0,0.9880341880341881,0.9524466388410653,0.0,1,3,safe_pacs,global,
0.905982905982906,0.9705023416863549,0.9073863636363637,51.75726495726496,46.0,92.80000000000007,0.9777777777777777,0.9491116651251449,0.0,2,0,global,global,
0.882051282051282,0.9632180376516939,0.8779411764705882,42.827350427350424,40.0,53.0,0.9726495726495726,0.941136166935342,0.0,2,0,pacs_cv,adaptive,0.75
0.882051282051282,0.9632180376516939,0.8779411764705882,42.827350427350424,40.0,53.0,0.9726495726495726,0.941136166935342,0.0,2,0,safe_pacs,adaptive,0.75
0.905982905982906,0.9680361463493153,0.9,46.411965811965814,41.0,86.60000000000002,0.9829059829059829,0.9498533373784512,0.0,2,1,global,global,
0.8923076923076924,0.9662011344864515,0.8888888888888888,48.271794871794874,46.0,60.0,0.9811965811965812,0.948329047398279,0.0,2,1,pacs_cv,adaptive,0.65
0.8888888888888888,0.9651895821533776,0.8888888888888888,45.05128205128205,42.0,61.0,0.9794871794871794,0.948321749517678,0.0,2,1,safe_pacs,adaptive,0.75
0.8974358974358975,0.9688213830575992,0.8963926670609108,51.28034188034188,48.0,90.0,0.9829059829059829,0.954449845470802,0.0,2,2,global,global,
0.8752136752136752,0.9648025096861028,0.8823529411764706,46.13846153846154,48.0,65.60000000000002,0.9794871794871794,0.9493638167355142,0.0,2,2,pacs_cv,adaptive,0.85
0.8803418803418803,0.9665758128625522,0.8876310272536687,48.873504273504274,47.0,59.0,0.9811965811965812,0.9511342113853146,0.0,2,2,safe_pacs,adaptive,0.65
0.9128205128205128,0.9717312837713649,0.9220779220779222,62.15042735042735,55.0,116.0,0.9811965811965812,0.9575771842123914,0.0,2,3,global,global,
0.8888888888888888,0.9619712231627472,0.88,51.656410256410254,48.0,63.0,0.9726495726495726,0.9484477818040005,0.0,2,3,pacs_cv,adaptive,0.65
0.8888888888888888,0.9619712231627472,0.88,51.656410256410254,48.0,63.0,0.9726495726495726,0.9484477818040005,0.0,2,3,safe_pacs,adaptive,0.65
0.9162393162393162,0.9767267702473093,0.9170103092783505,52.406837606837605,48.0,99.60000000000002,0.9948717948717949,0.9532599529054399,0.0,3,0,global,global,
0.9196581196581196,0.9760483084253903,0.9230769230769231,56.81880341880342,55.0,66.0,0.9914529914529915,0.9537908618735397,0.0,3,0,pacs_cv,adaptive,0.75
0.9162393162393162,0.9767267702473093,0.9170103092783505,52.406837606837605,48.0,99.60000000000002,0.9948717948717949,0.9532599529054399,0.0,3,0,safe_pacs,global,
0.9247863247863248,0.9750738449747113,0.9280550774526679,50.92136752136752,46.0,96.0,0.9846153846153847,0.9593145915946456,0.0,3,1,global,global,
0.9282051282051282,0.9803724471326918,0.9396428571428572,59.4034188034188,58.0,70.0,0.9897435897435898,0.9658080366647284,0.0,3,1,pacs_cv,adaptive,0.65
0.9179487179487179,0.9770573208814601,0.9295566502463054,50.84615384615385,50.0,73.0,0.9880341880341881,0.9609684025621819,0.0,3,1,safe_pacs,adaptive,0.85
0.905982905982906,0.969146757602656,0.9,52.68888888888889,48.0,96.0,0.9811965811965812,0.9523928989744739,0.0,3,2,global,global,
0.8991452991452992,0.9660162208917504,0.8968421052631578,52.6051282051282,50.0,61.0,0.976068376068376,0.9570964861964881,0.0,3,2,pacs_cv,adaptive,0.5
0.9025641025641026,0.966601984639338,0.9,52.91794871794872,50.0,64.0,0.976068376068376,0.9579234126813094,0.0,3,2,safe_pacs,adaptive,0.65
0.9264957264957265,0.9744539782728112,0.9285714285714286,64.67350427350428,58.0,118.0,0.9863247863247864,0.9594718883695063,0.0,3,3,global,global,
0.9230769230769231,0.9755826344883695,0.9252747252747253,58.256410256410255,58.0,73.0,0.9846153846153847,0.9605181952165727,0.0,3,3,pacs_cv,adaptive,0.75
0.9230769230769231,0.9755826344883695,0.9252747252747253,58.256410256410255,58.0,73.0,0.9846153846153847,0.9605181952165727,0.0,3,3,safe_pacs,adaptive,0.75
0.9128205128205128,0.9703170491024419,0.915819209039548,48.924786324786325,44.0,93.60000000000002,0.9846153846153847,0.9515646888342961,0.0,4,0,global,global,
0.9264957264957265,0.9714090446645456,0.9230769230769231,48.452991452991455,49.0,72.60000000000002,0.9829059829059829,0.957516904681027,0.0,4,0,pacs_cv,adaptive,0.85
0.9264957264957265,0.9714090446645456,0.9230769230769231,48.452991452991455,49.0,72.60000000000002,0.9829059829059829,0.957516904681027,0.0,4,0,safe_pacs,adaptive,0.85
0.8735042735042735,0.9644941400995003,0.875,40.28547008547009,36.0,74.0,0.9880341880341881,0.9380651935930634,0.0,4,1,global,global,
0.8837606837606837,0.9669884905550565,0.8785306122448979,48.38461538461539,45.0,68.0,0.9897435897435898,0.9440535196211933,0.0,4,1,pacs_cv,adaptive,0.75
0.8735042735042735,0.9644941400995003,0.875,40.28547008547009,36.0,74.0,0.9880341880341881,0.9380651935930634,0.0,4,1,safe_pacs,global,
0.9367521367521368,0.9789464143472575,0.9473684210526315,58.04786324786325,53.0,108.0,0.9931623931623932,0.965630520836273,0.0,4,2,global,global,
0.9452991452991453,0.9800955154889138,0.9560606060606062,61.18632478632479,61.0,87.0,0.9914529914529915,0.9732910714939139,0.0,4,2,pacs_cv,adaptive,0.9
0.9384615384615385,0.9782670698692261,0.9473684210526315,66.61880341880342,70.0,105.0,0.9914529914529915,0.96841758713119,0.0,4,2,safe_pacs,adaptive,0.95
0.8735042735042735,0.9580030889788295,0.8717391304347827,49.52136752136752,45.0,93.60000000000002,0.9692307692307692,0.9382442137346401,0.0,4,3,global,global,
0.882051282051282,0.96077489192068,0.875,62.205128205128204,62.0,97.0,0.9692307692307692,0.9422166803484618,0.0,4,3,pacs_cv,adaptive,0.95
0.8803418803418803,0.9642806282542141,0.8779411764705882,49.74700854700855,49.0,59.0,0.9777777777777777,0.9419353899626205,0.0,4,3,safe_pacs,adaptive,0.65
