success,mean_size,p90_size,mean_mass,method,rep,ntrain,ncal,ntest
0.8284518828451883,9.230125523012552,11.200000000000017,0.8477126917712692,top1_cp,0,315,256,239
0.9163179916317992,11.401673640167363,14.0,0.9064514843594341,mccp10,0,315,256,239
0.9414225941422594,12.00836820083682,14.0,0.9225821876867902,global_panel,0,315,256,239
0.9665271966527197,12.635983263598327,13.0,0.9365670452281332,pacs_mondrian_q0.90,0,315,256,239
0.8526785714285714,10.736607142857142,13.0,0.8605782312925171,top1_cp,1,337,249,224
0.9151785714285714,12.535714285714286,16.0,0.907904974489796,mccp10,1,337,249,224
0.9196428571428571,13.044642857142858,16.0,0.9180920493197279,global_panel,1,337,249,224
0.9196428571428571,12.691964285714286,13.700000000000017,0.9124723639455782,pacs_mondrian_q0.90,1,337,249,224
0.8410041841004184,9.154811715481172,12.0,0.8545776051006176,top1_cp,2,328,243,239
0.9121338912133892,11.94979079497908,14.0,0.9191322972703725,mccp10,2,328,243,239
0.9037656903765691,11.539748953974895,14.0,0.9133582386929667,global_panel,2,328,243,239
0.9121338912133892,11.631799163179917,12.0,0.9108418011556088,pacs_mondrian_q0.90,2,328,243,239
0.9128630705394191,12.95850622406639,16.0,0.9178976486860305,top1_cp,3,312,257,241
0.9045643153526971,12.207468879668049,14.0,0.9044526773364948,mccp10,3,312,257,241
0.921161825726141,13.49792531120332,16.0,0.9283955739972339,global_panel,3,312,257,241
0.966804979253112,13.394190871369295,14.0,0.9529934795494962,pacs_mondrian_q0.90,3,312,257,241
0.8924302788844621,11.741035856573705,14.0,0.9013194839688864,top1_cp,4,316,243,251
0.9043824701195219,12.458167330677291,16.0,0.9152532726237906,mccp10,4,316,243,251
0.9123505976095617,12.9800796812749,16.0,0.9269664200341491,global_panel,4,316,243,251
0.9641434262948207,13.326693227091633,15.0,0.9518943274520963,pacs_mondrian_q0.90,4,316,243,251
0.8783783783783784,11.153153153153154,13.900000000000006,0.8987076362076364,top1_cp,5,334,254,222
0.9009009009009009,12.076576576576576,14.0,0.9168178893178894,mccp10,5,334,254,222
0.9099099099099099,12.31081081081081,16.0,0.9221932646932648,global_panel,5,334,254,222
0.9279279279279279,12.31081081081081,13.0,0.9246342771342771,pacs_mondrian_q0.90,5,334,254,222
0.8628158844765343,11.104693140794224,14.0,0.8772838232766029,top1_cp,6,302,231,277
0.8664259927797834,11.288808664259928,14.0,0.8793536187037991,mccp10,6,302,231,277
0.8808664259927798,11.931407942238268,14.0,0.8926946879834966,global_panel,6,302,231,277
0.8989169675090253,11.833935018050541,12.0,0.9011096785284513,pacs_mondrian_q0.90,6,302,231,277
0.8823529411764706,12.16470588235294,15.0,0.8998029878618115,top1_cp,7,306,249,255
0.8980392156862745,12.72549019607843,16.0,0.9139747899159664,mccp10,7,306,249,255
0.9137254901960784,12.909803921568628,16.0,0.9257525676937441,global_panel,7,306,249,255
0.9176470588235294,12.27843137254902,13.0,0.9084500466853409,pacs_mondrian_q0.90,7,306,249,255
0.8547717842323651,9.439834024896266,12.0,0.8643914246196405,top1_cp,8,323,246,241
0.9045643153526971,11.58091286307054,14.0,0.9099673977474807,mccp10,8,323,246,241
0.9294605809128631,12.257261410788383,16.0,0.9289043667259435,global_panel,8,323,246,241
0.9336099585062241,12.149377593360995,13.0,0.925050385299348,pacs_mondrian_q0.90,8,323,246,241
0.9022222222222223,10.24,13.0,0.8915767195767196,top1_cp,9,336,249,225
0.9511111111111111,12.937777777777777,16.0,0.9457746031746032,mccp10,9,336,249,225
0.9511111111111111,12.995555555555555,16.0,0.9459968253968254,global_panel,9,336,249,225
0.9288888888888889,11.751111111111111,12.0,0.9189703703703703,pacs_mondrian_q0.90,9,336,249,225
0.7777777777777778,9.277777777777779,12.0,0.8224300831443688,top1_cp,10,328,230,252
0.8650793650793651,11.261904761904763,14.0,0.8736819727891156,mccp10,10,328,230,252
0.8650793650793651,11.214285714285714,14.0,0.8729544595616024,global_panel,10,328,230,252
0.8650793650793651,11.103174603174603,12.0,0.8682029478458049,pacs_mondrian_q0.90,10,328,230,252
0.851145038167939,9.927480916030534,12.900000000000006,0.8693202471828426,top1_cp,11,301,247,262
0.9083969465648855,11.958015267175572,14.0,0.907314612868048,mccp10,11,301,247,262
0.9465648854961832,13.740458015267176,16.0,0.9500736095965103,global_panel,11,301,247,262
0.9580152671755725,13.01526717557252,14.0,0.9433015267175572,pacs_mondrian_q0.90,11,301,247,262
0.8095238095238095,9.047619047619047,12.0,0.8327891156462586,top1_cp,12,315,243,252
0.876984126984127,11.436507936507937,14.0,0.8817724867724867,mccp10,12,315,243,252
0.8611111111111112,10.88888888888889,13.0,0.8749452003023431,global_panel,12,315,243,252
0.9206349206349206,11.912698412698413,13.0,0.910431783824641,pacs_mondrian_q0.90,12,315,243,252
0.8582995951417004,10.68825910931174,13.0,0.8806130711393868,top1_cp,13,302,261,247
0.8947368421052632,12.331983805668017,16.0,0.9084094852515906,mccp10,13,302,261,247
0.9190283400809717,13.279352226720647,16.0,0.9296722575669943,global_panel,13,302,261,247
0.9230769230769231,12.740890688259109,14.0,0.9257412762675922,pacs_mondrian_q0.90,13,302,261,247
0.8781512605042017,9.995798319327731,12.0,0.8813855542216887,top1_cp,14,321,251,238
0.9033613445378151,11.878151260504202,14.0,0.9028331332533014,mccp10,14,321,251,238
0.907563025210084,12.302521008403362,16.0,0.9121608643457383,global_panel,14,321,251,238
0.9201680672268907,12.205882352941176,14.0,0.9169087635054022,pacs_mondrian_q0.90,14,321,251,238
0.8641975308641975,12.238683127572017,14.0,0.8840672153635116,top1_cp,15,310,257,243
0.8724279835390947,12.781893004115226,16.0,0.8979031941994906,mccp10,15,310,257,243
0.8847736625514403,13.197530864197532,16.0,0.9079796198314717,global_panel,15,310,257,243
0.9629629629629629,13.189300411522634,14.0,0.9495620223398001,pacs_mondrian_q0.90,15,310,257,243
0.8296943231441049,9.541484716157205,12.0,0.8505271366188397,top1_cp,16,343,238,229
0.9213973799126638,12.703056768558952,16.0,0.9225036390101892,mccp10,16,343,238,229
0.8908296943231441,12.034934497816593,14.0,0.8972197962154296,global_panel,16,343,238,229
0.9126637554585153,12.550218340611353,13.0,0.9132605531295487,pacs_mondrian_q0.90,16,343,238,229
0.8348214285714286,9.53125,12.0,0.8513233418367346,top1_cp,17,330,256,224
0.8883928571428571,11.941964285714286,14.0,0.898720238095238,mccp10,17,330,256,224
0.9375,13.383928571428571,16.0,0.9473788265306123,global_panel,17,330,256,224
0.9375,12.669642857142858,13.0,0.9278858418367347,pacs_mondrian_q0.90,17,330,256,224
0.9117647058823529,12.785714285714286,16.0,0.9132513005202081,top1_cp,18,308,264,238
0.9117647058823529,12.634453781512605,16.0,0.9119907963185274,mccp10,18,308,264,238
0.9327731092436975,13.470588235294118,16.0,0.9367466986794719,global_panel,18,308,264,238
0.9327731092436975,13.134453781512605,14.0,0.9333213285314126,pacs_mondrian_q0.90,18,308,264,238
0.8306451612903226,10.241935483870968,13.0,0.8570583717357911,top1_cp,19,322,240,248
0.8790322580645161,11.85483870967742,14.0,0.8922628648233487,mccp10,19,322,240,248
0.8790322580645161,11.96774193548387,14.0,0.894574692780338,global_panel,19,322,240,248
0.907258064516129,12.415322580645162,13.0,0.9103072196620583,pacs_mondrian_q0.90,19,322,240,248
0.8478260869565217,10.434782608695652,13.0,0.8620455486542443,top1_cp,20,338,242,230
0.908695652173913,11.934782608695652,14.0,0.8992836438923395,mccp10,20,338,242,230
0.9130434782608695,12.173913043478262,16.0,0.9067784679089028,global_panel,20,338,242,230
0.9391304347826087,12.621739130434783,13.0,0.9246946169772257,pacs_mondrian_q0.90,20,338,242,230
0.9137931034482759,11.030172413793103,14.0,0.8995925697865353,top1_cp,21,340,238,232
0.9224137931034483,12.491379310344827,16.0,0.9231434729064041,mccp10,21,340,238,232
0.9353448275862069,13.491379310344827,16.0,0.9398532430213465,global_panel,21,340,238,232
0.9655172413793104,13.133620689655173,15.0,0.9472229064039408,pacs_mondrian_q0.90,21,340,238,232
0.7857142857142857,8.722689075630251,11.0,0.8105082032813126,top1_cp,22,328,244,238
0.8781512605042017,11.197478991596638,14.0,0.8680882352941177,mccp10,22,328,244,238
0.8697478991596639,10.806722689075631,13.0,0.8631162464985995,global_panel,22,328,244,238
0.8991596638655462,11.172268907563025,13.0,0.8865026010404161,pacs_mondrian_q0.90,22,328,244,238
0.869198312236287,11.721518987341772,14.0,0.8885081374321881,top1_cp,23,330,243,237
0.869198312236287,11.721518987341772,14.0,0.8885081374321881,mccp10,23,330,243,237
0.8860759493670886,12.468354430379748,16.0,0.9002521599357043,global_panel,23,330,243,237
0.9409282700421941,13.358649789029537,14.0,0.9424080771549127,pacs_mondrian_q0.90,23,330,243,237
0.9051383399209486,12.403162055335969,16.0,0.9117786561264822,top1_cp,24,323,234,253
0.9209486166007905,12.885375494071146,16.0,0.9284396762657632,mccp10,24,323,234,253
0.9407114624505929,13.438735177865613,16.0,0.9444212309429701,global_panel,24,323,234,253
0.9723320158102767,13.474308300395258,15.0,0.9548701298701299,pacs_mondrian_q0.90,24,323,234,253
0.7745901639344263,8.131147540983607,11.0,0.823735362997658,top1_cp,25,322,244,244
0.8934426229508197,10.76639344262295,13.0,0.8872140905542546,mccp10,25,322,244,244
0.8934426229508197,10.774590163934427,13.0,0.8872140905542546,global_panel,25,322,244,244
0.9139344262295082,11.565573770491802,12.0,0.8996184621389539,pacs_mondrian_q0.90,25,322,244,244
0.9106382978723404,12.336170212765957,16.0,0.9065906788247213,top1_cp,26,318,257,235
0.9106382978723404,12.442553191489361,16.0,0.9073991894630193,mccp10,26,318,257,235
0.9404255319148936,13.672340425531916,16.0,0.9364721377912867,global_panel,26,318,257,235
0.9617021276595744,13.948936170212766,15.0,0.9596261398176292,pacs_mondrian_q0.90,26,318,257,235
0.8893280632411067,12.505928853754941,16.0,0.8991003199698852,top1_cp,27,322,235,253
0.9051383399209486,12.881422924901186,16.0,0.9157811029550159,mccp10,27,322,235,253
0.932806324110672,14.296442687747035,16.0,0.9482025221155658,global_panel,27,322,235,253
0.9288537549407114,13.189723320158103,14.0,0.9302766798418973,pacs_mondrian_q0.90,27,322,235,253
0.7777777777777778,8.924444444444445,11.0,0.8210137566137566,top1_cp,28,335,250,225
0.8577777777777778,11.084444444444445,13.0,0.8730402116402116,mccp10,28,335,250,225
0.8577777777777778,10.755555555555556,13.0,0.8682465608465608,global_panel,28,335,250,225
0.8977777777777778,11.991111111111111,13.0,0.901683597883598,pacs_mondrian_q0.90,28,335,250,225
0.9196787148594378,12.518072289156626,16.0,0.9145553643144004,top1_cp,29,322,239,249
0.9317269076305221,12.847389558232932,16.0,0.924689233122968,mccp10,29,322,239,249
0.9357429718875502,13.329317269076306,16.0,0.9386001147446931,global_panel,29,322,239,249
0.9718875502008032,13.666666666666666,15.0,0.9619506597819851,pacs_mondrian_q0.90,29,322,239,249
